{
  "coord": { "lon": 14.4332, "lat": 50.0791 },
  "sys": { "country": "Czech Republic", "sunrise": 1382333704, "sunset": 1382371111 },
  "weather": [{ "id": 803, "main": "Clouds", "description": "broken clouds", "icon": "04d" }],
  "base": "global stations",
  "main": { "temp": 12, "pressure": 1017, "temp_min": 10, "temp_max": 13.5, "humidity": 94 },
  "wind": { "speed": 5.08, "deg": 226.001 },
  "rain": { "3h": 0 },
  "clouds": { "all": 68 },
  "dt": 1382336366,
  "id": 3067696,
  "name": "Prague",
  "cod": 200
}